{"intercept": -10.05054807865939, "coef": [-41.35711212089403, 94.57643432949735, 2.644614457212839, -60.38754989205597, 104.97046728025833, -73.77947712618712, -43.34854379555752, -13.4456241868686, -16.32367040190028, -41.74192579047921, -40.316318261916706, -33.49910426824921, -55.699097340139076, -41.709148995293575, -26.21285222308854, -29.05727320650594, -32.23202516950698, -39.32034302785319, -45.78474865361782, -40.85619273544646, -49.89992946297993, -45.5780108968392, -33.70922185108823, -31.00970349003244, 0.11602148411337154, 22.102503870304112, -31.93237010959367, -50.33097510834996, -28.957131227410812, -13.091979255329043, -29.91381446386509, 83.56935051816835, -29.251561811968667, -52.86906140775235, -85.95129954827192, -33.202801902655175, -15.022109244842774, -14.386604416059813, -28.22067734766052, 23.963463950331196, 14.991707067368004, -48.98547777562128, -45.71385308510649, -56.58927789370854, -31.78109958162631, 128.3476802799325, -44.32766090002972, -28.63526331857931, -18.79246248899142, 0.36057208901188, -37.76457705044846, -49.776015770664635, -46.08943958360816, -56.52962117713576, 1.6853846374239119, -19.265297854940762, -37.580378268581526, -28.886678131767315, 19.07686704537943, -41.89844908676778, -49.40571097043619, -103.93061875057921, -59.13850705093556, -34.53814426728526, -34.5755862693187, 75.64919047065996, 0.8482028382012103, 385.61252533923385, -22.52245806306204, -35.78434988295968, -33.22820357808709, -40.60343415964853, -18.47004025331264, -40.091693173763794, -42.48965351157077, 6.331638218257762, -62.860147625845265, -22.707625220505317, -31.44836837140376, -49.51298403302856, -31.646978985191126, 42.664745299309935, -53.320642447363525, -40.0431148725898, 208.55828804553718, -49.0472668074514, -46.70381684613167, -28.36654596508631, -43.947859312338466, -48.299829009035534, 220.97109201638204, -16.20616436431642, -14.832909199441481, -41.25803384295601, -41.53847658214031, -19.515004585503295, -13.210937879111643, 19.559625094545705, -27.014038757275127, -43.938516127082636, -27.298403461602053, -30.21515347762034, -44.58457418916669, -47.503133176755554, -36.08308373750452, -29.911384458377995, 28.541216095916777, -52.26507377699225, -30.946783824994945, -23.842544181621413, -50.67585074334271, -25.29988436529454, 99.70737490330778, -25.230530047472836, -27.449721610526694, -18.96285655657389, -27.66504024876344, -27.042232343367484, 15.320878426587853, -49.058173297989, -33.0202243357446, -39.67861080080042, -44.04291589848428, -20.517403516086002, -31.77781607438223, -36.73668664886563, -32.08123803149626, -28.22839079680476, -28.38464813982621, -45.30784781836233, -37.17466102928717, -30.442230837087262, -35.92607246276122, -8.424339663439255, -29.369539221631133, -28.179646839945935, -30.89142500773749, -33.9882437410763, -26.481857302435472, -30.97801988920986, -35.856229697582854, -46.246764913520494, -36.344974022054465, -31.18565346215134, 30.248909932232042, 41.27949694102652, -33.85659704371525, -0.07445306363828053, 53.31812395949723, -48.90793870269075, -38.78964271740979, -38.470660968570414, -34.22925944253163, -62.89165565848252, -11.536972278218972, -35.46749625202215, -13.184945698988441, -16.57404803033743, -28.381460019479377, -49.08841398133125, -38.431544545402566, 23.7363074904098, -34.15068509891335, -42.795462679231065, 121.14823623788658, -30.234439872177717, -28.714221379334916, 7.625124869514329, -68.97122507255997, -38.62087211540603, -50.939500981436666, -29.40058294718625, -34.937510577539605, -53.707505020849844, -8.826920472906572, -38.37850601947669, -32.51973915611436, -1.5749220905588572, -33.35271353134323, -42.424376330117155, -53.85938872401569, -17.028149547737726, -19.013439717918526, -32.006052858808474, -16.002544776757617, -46.79163960025549, -19.683053207230373, -47.750463930587614, -37.11758637270188, -38.897510356626654, -8.590581141916413, -3.5617353022660083, -34.087957197911564, -48.08591766689763, 141.2962603662054, -40.97175444522102, -33.91313854723419, -33.26044905434038, -53.25262225881326, -23.147976525783115, -8.505411225692907, 67.80834558381176, -48.620498160908454, -24.386179494625363, -61.486160907925395, -27.947243845113736, 6.334810039616652, -44.37457042949025, -47.360977284843514, -3.3887160334428366, -41.277414276459794, -34.439261333179815, -42.85288403075454, -40.05553150038458, -28.814181846533014, -34.6176084034915, -30.87324561323583, -31.376253320553882, -25.341167269141813, -15.879252682232995, -25.470309524142607, -67.59984619257172, -19.989777986528416, 18.921396420577338, -44.85673852547805, -39.213075802965236, -42.632643806667765, -45.437278673620234, -32.94091648586945, -20.076248475902275, -69.33717936318574, -32.677371470097945, -34.25314683970045, -25.46986116780182, -27.426413008371373, -34.74991692220519, -24.163119729046503, -51.24135881561043, -11.35487017245391, 0.08187680599107239, 2.881556353752657, 0.5785048526869616]}